sample_id,label,measure,toilatrung,ai_claude,agree
VN05,no_target_sign,tag,0,0,1
VN05,traffic_sign,count,9,9,1
VN05,traffic_sign,attr:needs_review,false|false|false|false|true|true|true|true|true,false|false|false|true|true|true|true|true|true,0
VN05,traffic_sign,attr:relevant_to_ego,unknown|unknown|unknown|unknown|unknown|yes|yes|yes|yes,unknown|unknown|unknown|unknown|unknown|yes|yes|yes|yes,1
VN05,traffic_sign,attr:sign_class,keep_right|no_entry|no_stopping_parking|speed_limit_40|speed_limit_50|supplementary_plate|unknown|unknown|unknown,keep_right|no_entry|speed_limit_50|unknown|unknown|unknown|unknown|unknown|unknown,0
VN05,traffic_sign,attr:sign_family,mandatory|prohibitory|prohibitory|prohibitory|prohibitory|prohibitory|prohibitory|supplementary|unknown,informative|mandatory|prohibitory|prohibitory|prohibitory|prohibitory|prohibitory|prohibitory|unknown,0
VN06,no_target_sign,tag,0,0,1
VN06,traffic_sign,count,9,7,0
VN06,traffic_sign,attr:needs_review,false|false|true|true|true|true|true|true|true,false|false|true|true|true|true|true,0
VN06,traffic_sign,attr:relevant_to_ego,unknown|unknown|unknown|unknown|unknown|unknown|unknown|yes|yes,unknown|unknown|unknown|unknown|unknown|yes|yes,0
VN06,traffic_sign,attr:sign_class,keep_right|lane_vehicle_permission|no_entry|no_truck|supplementary_plate|unknown|unknown|unknown|unknown,no_entry|no_truck|supplementary_plate|unknown|unknown|unknown|unknown,0
VN06,traffic_sign,attr:sign_family,mandatory|mandatory|prohibitory|prohibitory|prohibitory|prohibitory|prohibitory|prohibitory|supplementary,mandatory|mandatory|prohibitory|prohibitory|prohibitory|prohibitory|supplementary,0
VN07,no_target_sign,tag,0,0,1
VN07,traffic_sign,count,9,6,0
VN07,traffic_sign,attr:needs_review,false|false|false|false|true|true|true|true|true,false|false|false|true|true|true,0
VN07,traffic_sign,attr:relevant_to_ego,unknown|unknown|unknown|unknown|unknown|yes|yes|yes|yes,unknown|unknown|unknown|yes|yes|yes,0
VN07,traffic_sign,attr:sign_class,danger_pedestrian|keep_right|no_entry|no_stopping_parking|speed_limit_30|speed_limit_60|supplementary_plate|supplementary_plate|unknown,keep_right|no_entry|no_stopping_parking|supplementary_plate|unknown|unknown,0
VN07,traffic_sign,attr:sign_family,danger|mandatory|prohibitory|prohibitory|prohibitory|prohibitory|prohibitory|supplementary|supplementary,mandatory|prohibitory|prohibitory|prohibitory|prohibitory|supplementary,0
VN08,no_target_sign,tag,1,1,1
VN08,traffic_sign,count,0,0,1
VN09,no_target_sign,tag,0,0,1
VN09,traffic_sign,count,1,1,1
VN09,traffic_sign,attr:needs_review,false,false,1
VN09,traffic_sign,attr:relevant_to_ego,yes,yes,1
VN09,traffic_sign,attr:sign_class,height_limit,height_limit,1
VN09,traffic_sign,attr:sign_family,prohibitory,prohibitory,1
VN10,no_target_sign,tag,0,0,1
VN10,traffic_sign,count,2,2,1
VN10,traffic_sign,attr:needs_review,false|true,false|false,0
VN10,traffic_sign,attr:relevant_to_ego,yes|yes,yes|yes,1
VN10,traffic_sign,attr:sign_class,danger_pedestrian|no_u_and_right_turn,danger_pedestrian|no_u_and_right_turn,1
VN10,traffic_sign,attr:sign_family,danger|prohibitory,danger|prohibitory,1
VN11,no_target_sign,tag,0,0,1
VN11,traffic_sign,count,2,2,1
VN11,traffic_sign,attr:needs_review,false|false,false|false,1
VN11,traffic_sign,attr:relevant_to_ego,yes|yes,yes|yes,1
VN11,traffic_sign,attr:sign_class,min_distance|weight_limit,min_distance|weight_limit,1
VN11,traffic_sign,attr:sign_family,prohibitory|prohibitory,prohibitory|prohibitory,1
