sample_id,split,tags,reason
VN01,example,normal;ambiguity,Cột phải có tốc độ 50 + cấm rẽ trái; lề trái có cấm rẽ phải + biển phụ: minh hoạ mỗi mặt biển một box và relevance unknown ở lề trái
VN02,example,edge;conflict,Biển làn hai bên + cấm dừng đỗ + vuông xanh mũi tên: minh hoạ 1 box cho cả tấm biển làn
VN03,example,edge;small_far,Biển chỉ dẫn chợ + tam giác xa + biển < 12 px + quảng cáo: minh hoạ ngưỡng 12 px và IGNORE quảng cáo
VN04,example,negative,Chỉ có bảng quán và bảng địa danh: minh hoạ tag no_target_sign
VN05,calibration,conflict;small_far,Giao lộ nhiều biển nhỏ ở đảo giữa và lề phải (cấm ngược chiều + đi vòng; cột nhiều biển cấm): thử relevance đảo giữa và class biển nhỏ
VN06,calibration,small_far;edge,Ngã tư trạm xăng: biển cấm xe tải lớn bên phải + nhiều biển xa 10–20 px + biển làn xa: thử ngưỡng 12 px
VN07,calibration,small_far;conflict,Giao lộ có đèn: biển nhỏ xa trên đảo và lề (tốc độ; cấm dừng đỗ; người đi bộ): thử class unknown vs đọc số ở biển xa
VN08,calibration,ambiguity;negative,Biển bến xe buýt xanh bên trái cạnh vạch qua đường; dataset gốc không gán biển nào: thử scope biển chỉ dẫn informative_other
VN09,calibration,edge;occlusion,Biển gắn trên cầu vượt bộ hành + biển làn xa: thử relevance biển trên cầu và ngưỡng 12 px
VN10,calibration,normal,Tam giác người đi bộ + cấm ô tô + tam giác giao nhau nhỏ: thử danger_pedestrian vs danger_other và biển phụ
VN11,calibration,edge,Cột có biển tải trọng 13t + biển cấm khác + tấm tên cầu: thử weight_limit và IGNORE tấm tên cầu
VN12,blind,normal,Biển cấm quay đầu lớn bên phải + biển cấm ngược chiều nhỏ xa dưới gầm cầu: thử class + relevance cơ bản và biển xa
VN13,blind,edge;critical,Cụm biển tạm trên rào công trường (đi vòng trái + hẹp + công trường + đi chậm) cạnh bảng thông tin dự án: thử LABEL biển tạm; IGNORE bảng; keep_left
VN14,blind,critical;edge,Đường bị chặn: đường cấm + công trường ở làn phải; đi vòng trái + hẹp + đi chậm giữa đường; cấm ngược chiều + đi vòng phải ở đầu dải phân cách: thử road_closed vs no_entry và relevance
VN15,blind,edge,Tấm ZONE hết khu vực cấm dừng đỗ giữa nhiều bảng quảng cáo: thử 1 box cả tấm và end_of_prohibition
VN16,blind,ambiguity;small_far,Dưới cầu vượt: biển hạn chế chiều cao trên dầm cầu + cấm ô tô ở cột trái + billboard: thử relevance biển trên dầm và unknown ở lề trái
