sample_id,decision_id,expected,severity,kind,peer_evidence,correct,note
VN12,d1,label=traffic_sign x2 (biển tròn lớn cột phải + biển tròn đỏ nhỏ dưới gầm cầu),major,decision,traffic_sign [needs_review=false;relevant_to_ego=yes;sign_class=no_u_turn;sign_family=prohibitory] | traffic_sign [needs_review=true;relevant_to_ego=unknown;sign_class=no_entry;sign_family=prohibitory],1,Đúng: Peer phát hiện và gán đúng cả 2 biển trong ảnh (biển cấm quay đầu lớn bên phải và biển cấm ngược chiều nhỏ xa dưới gầm cầu).
VN12,d2,biển tròn lớn ≈ (1162;61)-(1253;143): sign_family=prohibitory; sign_class=no_u_turn; relevant_to_ego=yes,critical,decision,traffic_sign [needs_review=false;relevant_to_ego=yes;sign_class=no_u_turn;sign_family=prohibitory] | traffic_sign [needs_review=true;relevant_to_ego=unknown;sign_class=no_entry;sign_family=prohibitory],1,"Đúng: Biển cấm quay đầu nhận diện chuẩn xác sign_family=prohibitory, sign_class=no_u_turn, relevant_to_ego=yes (lề phải camera)."
VN12,d3,biển nhỏ ≈ (570;232)-(578;249) dưới gầm cầu bên trái: sign_family=prohibitory; sign_class=no_entry hoặc unknown đều đúng; relevant_to_ego không chấm,major,decision,traffic_sign [needs_review=false;relevant_to_ego=yes;sign_class=no_u_turn;sign_family=prohibitory] | traffic_sign [needs_review=true;relevant_to_ego=unknown;sign_class=no_entry;sign_family=prohibitory],1,"Đúng: Biển nhỏ dưới gầm cầu nhận diện đúng sign_family=prohibitory, sign_class=no_entry; relevance unknown có tick needs_review."
VN12,d4,geometry: box biển cấm quay đầu ôm vành đỏ; không gồm cột sọc đỏ-trắng,minor,geometry,traffic_sign [needs_review=false;relevant_to_ego=yes;sign_class=no_u_turn;sign_family=prohibitory] | traffic_sign [needs_review=true;relevant_to_ego=unknown;sign_class=no_entry;sign_family=prohibitory],1,"Đúng: Box ôm khít vành đỏ biển cấm quay đầu, không dính cột sọc đỏ trắng."
VN15,d1,geometry: 1 box ôm cả tấm ZONE ≈ (931;97)-(1020;247); không chỉ biển tròn bên trong,major,geometry,traffic_sign [needs_review=false;relevant_to_ego=yes;sign_class=end_of_prohibition;sign_family=prohibitory]×2,0,Sai: Lỗi geometry/unit: Peer vẽ 2 box chồng nhau (1 box cả tấm ZONE và 1 box lồng thêm vào biển tròn bên trong); vi phạm quy tắc 1 box cho cả tấm biển khu vực (mục 2).
VN15,d2,tấm ZONE: sign_family=prohibitory; sign_class=end_of_prohibition; relevant_to_ego=yes,major,decision,traffic_sign [needs_review=false;relevant_to_ego=yes;sign_class=end_of_prohibition;sign_family=prohibitory]×2,1,"Đúng: Biển ZONE nhận diện chuẩn sign_family=prohibitory, sign_class=end_of_prohibition, relevant_to_ego=yes theo vạch chéo kết thúc lệnh cấm."
VN13,d1,label=traffic_sign; sign_family=mandatory; sign_class=keep_left; relevant_to_ego=yes (biển tròn xanh mũi tên chỉ sang trái trên rào công trường),critical,decision,traffic_sign [needs_review=false;relevant_to_ego=yes;sign_class=danger_construction;sign_family=danger] | traffic_sign [needs_review=false;relevant_to_ego=yes;sign_class=danger_road;sign_family=danger] | traffic_sign [needs_review=false;relevant_to_ego=yes;sign_class=danger_slow;sign_family=danger] | traffic_sign [needs_review=false;relevant_to_ego=yes;sign_class=keep_left;sign_family=mandatory] | traffic_sign [needs_review=false;relevant_to_ego=yes;sign_class=keep_right;sign_family=mandatory] | traffic_sign [needs_review=false;relevant_to_ego=yes;sign_class=no_entry;sign_family=prohibitory],1,"Đúng: Biển tròn mũi tên rẽ trái trên rào nhận diện chuẩn critical: mandatory, keep_left, relevant_to_ego=yes; không bị nhầm hướng."
VN13,d2,label=traffic_sign; sign_family=prohibitory; sign_class=no_entry; relevant_to_ego=yes (biển tròn đỏ vạch trắng cấm đi ngược chiều ở cột gantry dải phân cách bên trái),critical,decision,traffic_sign [needs_review=false;relevant_to_ego=yes;sign_class=danger_construction;sign_family=danger] | traffic_sign [needs_review=false;relevant_to_ego=yes;sign_class=danger_road;sign_family=danger] | traffic_sign [needs_review=false;relevant_to_ego=yes;sign_class=danger_slow;sign_family=danger] | traffic_sign [needs_review=false;relevant_to_ego=yes;sign_class=keep_left;sign_family=mandatory] | traffic_sign [needs_review=false;relevant_to_ego=yes;sign_class=keep_right;sign_family=mandatory] | traffic_sign [needs_review=false;relevant_to_ego=yes;sign_class=no_entry;sign_family=prohibitory],1,"Đúng: Biển tròn đỏ vạch trắng ở cột gantry nhận diện chuẩn critical: prohibitory, no_entry, relevant_to_ego=yes."
VN13,d3,label=traffic_sign x3 cho 3 biển tam giác trên rào (danger_road đường hẹp; danger_construction công trường; danger_slow đi chậm); relevant_to_ego=yes,major,decision,traffic_sign [needs_review=false;relevant_to_ego=yes;sign_class=danger_construction;sign_family=danger] | traffic_sign [needs_review=false;relevant_to_ego=yes;sign_class=danger_road;sign_family=danger] | traffic_sign [needs_review=false;relevant_to_ego=yes;sign_class=danger_slow;sign_family=danger] | traffic_sign [needs_review=false;relevant_to_ego=yes;sign_class=keep_left;sign_family=mandatory] | traffic_sign [needs_review=false;relevant_to_ego=yes;sign_class=keep_right;sign_family=mandatory] | traffic_sign [needs_review=false;relevant_to_ego=yes;sign_class=no_entry;sign_family=prohibitory],1,"Đúng: Cả 3 biển tam giác trên rào công trường được vẽ đúng 3 box riêng rẽ và gán đúng danger_road, danger_construction, danger_slow."
VN13,d4,label=traffic_sign; sign_family=mandatory; sign_class=keep_right; relevant_to_ego=yes (biển tròn xanh mũi tên đi vòng bên phải dưới biển cấm đi ngược chiều ở cột gantry trái),major,decision,traffic_sign [needs_review=false;relevant_to_ego=yes;sign_class=danger_construction;sign_family=danger] | traffic_sign [needs_review=false;relevant_to_ego=yes;sign_class=danger_road;sign_family=danger] | traffic_sign [needs_review=false;relevant_to_ego=yes;sign_class=danger_slow;sign_family=danger] | traffic_sign [needs_review=false;relevant_to_ego=yes;sign_class=keep_left;sign_family=mandatory] | traffic_sign [needs_review=false;relevant_to_ego=yes;sign_class=keep_right;sign_family=mandatory] | traffic_sign [needs_review=false;relevant_to_ego=yes;sign_class=no_entry;sign_family=prohibitory],1,"Đúng: Biển tròn xanh dưới gantry nhận diện đúng mandatory, keep_right, relevant_to_ego=yes; tách riêng box với biển no_entry phía trên."
VN13,d5,IGNORE: không có box trên bảng THÔNG TIN DỰ ÁN lớn màu xanh tím và bảng chữ nhật CÔNG TRƯỜNG ĐANG THI CÔNG trên rào,major,decision,traffic_sign [needs_review=false;relevant_to_ego=yes;sign_class=danger_construction;sign_family=danger] | traffic_sign [needs_review=false;relevant_to_ego=yes;sign_class=danger_road;sign_family=danger] | traffic_sign [needs_review=false;relevant_to_ego=yes;sign_class=danger_slow;sign_family=danger] | traffic_sign [needs_review=false;relevant_to_ego=yes;sign_class=keep_left;sign_family=mandatory] | traffic_sign [needs_review=false;relevant_to_ego=yes;sign_class=keep_right;sign_family=mandatory] | traffic_sign [needs_review=false;relevant_to_ego=yes;sign_class=no_entry;sign_family=prohibitory],1,"Đúng: Peer không vẽ box trên bảng Thông tin dự án và bảng Công trường đang thi công, tuân thủ đúng scope loại trừ (mục 5)."
VN13,d6,IGNORE: không có box trên khung giá long môn; cột thép; đèn tín hiệu giao thông; rào chắn sọc đỏ trắng,minor,decision,traffic_sign [needs_review=false;relevant_to_ego=yes;sign_class=danger_construction;sign_family=danger] | traffic_sign [needs_review=false;relevant_to_ego=yes;sign_class=danger_road;sign_family=danger] | traffic_sign [needs_review=false;relevant_to_ego=yes;sign_class=danger_slow;sign_family=danger] | traffic_sign [needs_review=false;relevant_to_ego=yes;sign_class=keep_left;sign_family=mandatory] | traffic_sign [needs_review=false;relevant_to_ego=yes;sign_class=keep_right;sign_family=mandatory] | traffic_sign [needs_review=false;relevant_to_ego=yes;sign_class=no_entry;sign_family=prohibitory],1,"Đúng: Không vẽ box trên giá long môn, cột thép, đèn giao thông, rào chắn barie."
VN13,d7,biển tròn đỏ xa ≈ (789;206)-(802;218) cao ~13 px trên mép rào tôn: nếu vẽ thì sign_family=prohibitory; sign_class=unknown; relevant_to_ego bất kỳ giá trị hợp lệ. Không vẽ cũng chấm đúng (sát ngưỡng 12 px). Sai chỉ khi vẽ mà family khác prohibitory. Biển sát bên ≈ (776;207)-(786;217) cao ~10 px phải KHÔNG có box,minor,decision,traffic_sign [needs_review=false;relevant_to_ego=yes;sign_class=danger_construction;sign_family=danger] | traffic_sign [needs_review=false;relevant_to_ego=yes;sign_class=danger_road;sign_family=danger] | traffic_sign [needs_review=false;relevant_to_ego=yes;sign_class=danger_slow;sign_family=danger] | traffic_sign [needs_review=false;relevant_to_ego=yes;sign_class=keep_left;sign_family=mandatory] | traffic_sign [needs_review=false;relevant_to_ego=yes;sign_class=keep_right;sign_family=mandatory] | traffic_sign [needs_review=false;relevant_to_ego=yes;sign_class=no_entry;sign_family=prohibitory],1,Đúng: Biển nhỏ ~13px trên mép rào tôn sát ngưỡng 12px được bỏ qua hợp lệ; không vẽ biển < 10px cạnh bên.
VN13,d8,geometry: box ôm sát từng mặt biển riêng lẻ (4 box riêng trên rào công trường; 2 box riêng ở cột gantry); không gồm giá rào/cột; cạnh lệch <= 10%,minor,geometry,traffic_sign [needs_review=false;relevant_to_ego=yes;sign_class=danger_construction;sign_family=danger] | traffic_sign [needs_review=false;relevant_to_ego=yes;sign_class=danger_road;sign_family=danger] | traffic_sign [needs_review=false;relevant_to_ego=yes;sign_class=danger_slow;sign_family=danger] | traffic_sign [needs_review=false;relevant_to_ego=yes;sign_class=keep_left;sign_family=mandatory] | traffic_sign [needs_review=false;relevant_to_ego=yes;sign_class=keep_right;sign_family=mandatory] | traffic_sign [needs_review=false;relevant_to_ego=yes;sign_class=no_entry;sign_family=prohibitory],1,"Đúng: Geometry ôm sát từng mặt biển riêng lẻ (4 box trên rào, 2 box trên gantry), không trùm khung rào hay cột."
VN16,d1,label=traffic_sign: bắt buộc ≥ 3 box tại (335-357;465-482) (597-618;381-403) (736-761;470-486); biển (850-860;485-497) cao ~12 px sát ngưỡng nên vẽ hay không vẽ đều đúng (đã vẽ thì phải prohibitory theo d5),major,decision,traffic_sign [needs_review=false;relevant_to_ego=no;sign_class=no_car;sign_family=prohibitory] | traffic_sign [needs_review=false;relevant_to_ego=yes;sign_class=height_limit;sign_family=prohibitory] | traffic_sign [needs_review=false;relevant_to_ego=yes;sign_class=unknown;sign_family=informative]×2,1,Đúng: Peer vẽ đủ 4 box cho các biển trong ảnh (>= 3 box bắt buộc).
VN16,d2,biển tròn viền đỏ tại (335-357;465-482) cột **bên trái** dưới gầm cầu (kèm tấm phụ < 12 px không cần vẽ): sign_family=prohibitory; sign_class=no_car hoặc prohibitory_other hoặc unknown đều đúng; relevant_to_ego=unknown và needs_review=true,major,decision,traffic_sign [needs_review=false;relevant_to_ego=no;sign_class=no_car;sign_family=prohibitory] | traffic_sign [needs_review=false;relevant_to_ego=yes;sign_class=height_limit;sign_family=prohibitory] | traffic_sign [needs_review=false;relevant_to_ego=yes;sign_class=unknown;sign_family=informative]×2,0,Sai: Lỗi relevance: Peer gán relevant_to_ego=no thay vì unknown + needs_review=true; biển ở cột lề trái dưới gầm cầu không thể khẳng định là không áp dụng cho ego (mục 7 dòng 6).
VN16,d3,biển tại (597-618;381-403) gắn dưới dầm cầu vượt ngay trên làn ego: sign_family=prohibitory; sign_class=height_limit hoặc unknown đều đúng; relevant_to_ego=yes (phần critical),critical,decision,traffic_sign [needs_review=false;relevant_to_ego=no;sign_class=no_car;sign_family=prohibitory] | traffic_sign [needs_review=false;relevant_to_ego=yes;sign_class=height_limit;sign_family=prohibitory] | traffic_sign [needs_review=false;relevant_to_ego=yes;sign_class=unknown;sign_family=informative]×2,1,"Đúng: Biển trên dầm cầu vượt gắn đúng critical: prohibitory, height_limit, relevant_to_ego=yes."
VN16,d4,tấm xanh tại (736-761;470-486) trên cột cạnh đèn tín hiệu: sign_family=informative; sign_class=unknown; relevant_to_ego=yes hoặc (unknown + needs_review=true) đều đúng,major,decision,traffic_sign [needs_review=false;relevant_to_ego=no;sign_class=no_car;sign_family=prohibitory] | traffic_sign [needs_review=false;relevant_to_ego=yes;sign_class=height_limit;sign_family=prohibitory] | traffic_sign [needs_review=false;relevant_to_ego=yes;sign_class=unknown;sign_family=informative]×2,1,"Đúng: Tấm xanh cạnh đèn tín hiệu gán đúng informative, unknown, relevant_to_ego=yes."
VN16,d5,sign_family=prohibitory; sign_class=unknown; relevant_to_ego=yes (biển tại 850-860;485-497 xa và mờ; viền đỏ tròn chứ không phải hình vuông xanh),major,decision,traffic_sign [needs_review=false;relevant_to_ego=no;sign_class=no_car;sign_family=prohibitory] | traffic_sign [needs_review=false;relevant_to_ego=yes;sign_class=height_limit;sign_family=prohibitory] | traffic_sign [needs_review=false;relevant_to_ego=yes;sign_class=unknown;sign_family=informative]×2,0,Sai: Lỗi family: Peer gán informative thay vì prohibitory; biển nhỏ mờ gần đèn giao thông bị đoán theo ngữ cảnh thay vì zoom 400% kiểm tra viền đỏ (mục 6.1 mức B).
VN16,d6,geometry: box biển height_limit (597-618;381-403) chỉ ôm mặt biển tròn không gồm dầm cầu vượt phía sau; cạnh lệch <= 2px vì biển cao < 30px,minor,geometry,traffic_sign [needs_review=false;relevant_to_ego=no;sign_class=no_car;sign_family=prohibitory] | traffic_sign [needs_review=false;relevant_to_ego=yes;sign_class=height_limit;sign_family=prohibitory] | traffic_sign [needs_review=false;relevant_to_ego=yes;sign_class=unknown;sign_family=informative]×2,1,"Đúng: Box biển height_limit ôm trọn mặt biển tròn, không gồm dầm cầu vượt phía sau, sai lệch <= 2px."
VN14,d1,label=traffic_sign x7 (đầu dải phân cách trái: cấm ngược chiều + đi vòng phải; rào giữa đường: tam giác hẹp + tròn xanh mũi tên trái + tam giác ĐI CHẬM; rào làn phải: đường cấm + tam giác công trường),major,decision,traffic_sign [needs_review=false;relevant_to_ego=yes;sign_class=danger_construction;sign_family=danger] | traffic_sign [needs_review=false;relevant_to_ego=yes;sign_class=danger_road;sign_family=danger] | traffic_sign [needs_review=false;relevant_to_ego=yes;sign_class=danger_slow;sign_family=danger] | traffic_sign [needs_review=false;relevant_to_ego=yes;sign_class=keep_left;sign_family=mandatory] | traffic_sign [needs_review=false;relevant_to_ego=yes;sign_class=keep_right;sign_family=mandatory] | traffic_sign [needs_review=false;relevant_to_ego=yes;sign_class=no_entry;sign_family=prohibitory] | traffic_sign [needs_review=false;relevant_to_ego=yes;sign_class=road_closed;sign_family=prohibitory],1,"Đúng: Vẽ đủ 7 box cho 7 biển báo hợp lệ (2 ở dải phân cách trái, 3 ở rào giữa, 2 ở rào phải)."
VN14,d2,đường cấm trên rào làn phải (≈1357–1452;368–438): sign_family=prohibitory; sign_class=road_closed; relevant_to_ego=yes,critical,decision,traffic_sign [needs_review=false;relevant_to_ego=yes;sign_class=danger_construction;sign_family=danger] | traffic_sign [needs_review=false;relevant_to_ego=yes;sign_class=danger_road;sign_family=danger] | traffic_sign [needs_review=false;relevant_to_ego=yes;sign_class=danger_slow;sign_family=danger] | traffic_sign [needs_review=false;relevant_to_ego=yes;sign_class=keep_left;sign_family=mandatory] | traffic_sign [needs_review=false;relevant_to_ego=yes;sign_class=keep_right;sign_family=mandatory] | traffic_sign [needs_review=false;relevant_to_ego=yes;sign_class=no_entry;sign_family=prohibitory] | traffic_sign [needs_review=false;relevant_to_ego=yes;sign_class=road_closed;sign_family=prohibitory],1,"Đúng: Biển đường cấm trên rào làn phải nhận diện chuẩn critical: prohibitory, road_closed, relevant_to_ego=yes (không nhầm no_entry)."
VN14,d3,tròn xanh mũi tên ngang chỉ sang trái giữa rào (≈970–1021;323–375): sign_family=mandatory; sign_class=keep_left; relevant_to_ego=yes,critical,decision,traffic_sign [needs_review=false;relevant_to_ego=yes;sign_class=danger_construction;sign_family=danger] | traffic_sign [needs_review=false;relevant_to_ego=yes;sign_class=danger_road;sign_family=danger] | traffic_sign [needs_review=false;relevant_to_ego=yes;sign_class=danger_slow;sign_family=danger] | traffic_sign [needs_review=false;relevant_to_ego=yes;sign_class=keep_left;sign_family=mandatory] | traffic_sign [needs_review=false;relevant_to_ego=yes;sign_class=keep_right;sign_family=mandatory] | traffic_sign [needs_review=false;relevant_to_ego=yes;sign_class=no_entry;sign_family=prohibitory] | traffic_sign [needs_review=false;relevant_to_ego=yes;sign_class=road_closed;sign_family=prohibitory],1,"Đúng: Biển tròn xanh mũi tên ngang trên rào nhận diện chuẩn critical: mandatory, keep_left, relevant_to_ego=yes."
VN14,d4,cấm đi ngược chiều ở đầu dải phân cách trái (≈556–587;161–191): sign_family=prohibitory; sign_class=no_entry; relevant_to_ego=yes; needs_review=false,critical,decision,traffic_sign [needs_review=false;relevant_to_ego=yes;sign_class=danger_construction;sign_family=danger] | traffic_sign [needs_review=false;relevant_to_ego=yes;sign_class=danger_road;sign_family=danger] | traffic_sign [needs_review=false;relevant_to_ego=yes;sign_class=danger_slow;sign_family=danger] | traffic_sign [needs_review=false;relevant_to_ego=yes;sign_class=keep_left;sign_family=mandatory] | traffic_sign [needs_review=false;relevant_to_ego=yes;sign_class=keep_right;sign_family=mandatory] | traffic_sign [needs_review=false;relevant_to_ego=yes;sign_class=no_entry;sign_family=prohibitory] | traffic_sign [needs_review=false;relevant_to_ego=yes;sign_class=road_closed;sign_family=prohibitory],1,"Đúng: Biển cấm ngược chiều ở đầu dải phân cách trái nhận diện chuẩn critical: prohibitory, no_entry, relevant_to_ego=yes, needs_review=false."
VN14,d5,tròn xanh mũi tên chéo xuống phải dưới biển cấm ngược chiều (≈558–589;192–221): sign_family=mandatory; sign_class=keep_right; relevant_to_ego=yes,critical,decision,traffic_sign [needs_review=false;relevant_to_ego=yes;sign_class=danger_construction;sign_family=danger] | traffic_sign [needs_review=false;relevant_to_ego=yes;sign_class=danger_road;sign_family=danger] | traffic_sign [needs_review=false;relevant_to_ego=yes;sign_class=danger_slow;sign_family=danger] | traffic_sign [needs_review=false;relevant_to_ego=yes;sign_class=keep_left;sign_family=mandatory] | traffic_sign [needs_review=false;relevant_to_ego=yes;sign_class=keep_right;sign_family=mandatory] | traffic_sign [needs_review=false;relevant_to_ego=yes;sign_class=no_entry;sign_family=prohibitory] | traffic_sign [needs_review=false;relevant_to_ego=yes;sign_class=road_closed;sign_family=prohibitory],1,"Đúng: Biển tròn xanh mũi tên chéo xuống phải nhận diện chuẩn critical: mandatory, keep_right, relevant_to_ego=yes."
VN14,d6,tam giác vàng hai vạch đứng trên rào giữa (≈929–975;319–361): sign_family=danger; sign_class=danger_road; relevant_to_ego=yes,major,decision,traffic_sign [needs_review=false;relevant_to_ego=yes;sign_class=danger_construction;sign_family=danger] | traffic_sign [needs_review=false;relevant_to_ego=yes;sign_class=danger_road;sign_family=danger] | traffic_sign [needs_review=false;relevant_to_ego=yes;sign_class=danger_slow;sign_family=danger] | traffic_sign [needs_review=false;relevant_to_ego=yes;sign_class=keep_left;sign_family=mandatory] | traffic_sign [needs_review=false;relevant_to_ego=yes;sign_class=keep_right;sign_family=mandatory] | traffic_sign [needs_review=false;relevant_to_ego=yes;sign_class=no_entry;sign_family=prohibitory] | traffic_sign [needs_review=false;relevant_to_ego=yes;sign_class=road_closed;sign_family=prohibitory],1,"Đúng: Tam giác đường hẹp nhận diện đúng danger, danger_road, relevant_to_ego=yes."
VN14,d7,tam giác vàng chữ ĐI CHẬM (≈1007–1058;327–372): sign_family=danger; sign_class=danger_slow; relevant_to_ego=yes,major,decision,traffic_sign [needs_review=false;relevant_to_ego=yes;sign_class=danger_construction;sign_family=danger] | traffic_sign [needs_review=false;relevant_to_ego=yes;sign_class=danger_road;sign_family=danger] | traffic_sign [needs_review=false;relevant_to_ego=yes;sign_class=danger_slow;sign_family=danger] | traffic_sign [needs_review=false;relevant_to_ego=yes;sign_class=keep_left;sign_family=mandatory] | traffic_sign [needs_review=false;relevant_to_ego=yes;sign_class=keep_right;sign_family=mandatory] | traffic_sign [needs_review=false;relevant_to_ego=yes;sign_class=no_entry;sign_family=prohibitory] | traffic_sign [needs_review=false;relevant_to_ego=yes;sign_class=road_closed;sign_family=prohibitory],1,"Đúng: Tam giác chữ ĐI CHẬM nhận diện đúng danger, danger_slow, relevant_to_ego=yes."
VN14,d8,tam giác vàng người xúc đất trên rào làn phải (≈1463–1562;387–457): sign_family=danger; sign_class=danger_construction; relevant_to_ego=yes,major,decision,traffic_sign [needs_review=false;relevant_to_ego=yes;sign_class=danger_construction;sign_family=danger] | traffic_sign [needs_review=false;relevant_to_ego=yes;sign_class=danger_road;sign_family=danger] | traffic_sign [needs_review=false;relevant_to_ego=yes;sign_class=danger_slow;sign_family=danger] | traffic_sign [needs_review=false;relevant_to_ego=yes;sign_class=keep_left;sign_family=mandatory] | traffic_sign [needs_review=false;relevant_to_ego=yes;sign_class=keep_right;sign_family=mandatory] | traffic_sign [needs_review=false;relevant_to_ego=yes;sign_class=no_entry;sign_family=prohibitory] | traffic_sign [needs_review=false;relevant_to_ego=yes;sign_class=road_closed;sign_family=prohibitory],1,"Đúng: Tam giác người xúc đất nhận diện đúng danger, danger_construction, relevant_to_ego=yes."
VN14,d9,IGNORE: không có box trên rào sắt / dây rào đỏ-trắng / cọc tiêu đỏ; tấm tối ở lề trái xa (≈368–378;193–206 nhiều khả năng mặt sau biển) và bảng tím thấp ở lề phải xa (≈815–829;229–242): không box là đúng; nếu có box thì phải needs_review=true (mức D) mới tính đúng,minor,decision,traffic_sign [needs_review=false;relevant_to_ego=yes;sign_class=danger_construction;sign_family=danger] | traffic_sign [needs_review=false;relevant_to_ego=yes;sign_class=danger_road;sign_family=danger] | traffic_sign [needs_review=false;relevant_to_ego=yes;sign_class=danger_slow;sign_family=danger] | traffic_sign [needs_review=false;relevant_to_ego=yes;sign_class=keep_left;sign_family=mandatory] | traffic_sign [needs_review=false;relevant_to_ego=yes;sign_class=keep_right;sign_family=mandatory] | traffic_sign [needs_review=false;relevant_to_ego=yes;sign_class=no_entry;sign_family=prohibitory] | traffic_sign [needs_review=false;relevant_to_ego=yes;sign_class=road_closed;sign_family=prohibitory],1,"Đúng: Không vẽ box trên rào chắn, dây cờ đỏ trắng, cọc tiêu và mặt sau biển."
VN14,d10,geometry: box đường cấm ôm trọn vòng tròn gồm viền đỏ; không gồm khung rào sắt và chân rào; dây rào vắt qua mặt biển không làm thu nhỏ box; mỗi cạnh lệch ≤ 10 % chiều cao biển,minor,geometry,traffic_sign [needs_review=false;relevant_to_ego=yes;sign_class=danger_construction;sign_family=danger] | traffic_sign [needs_review=false;relevant_to_ego=yes;sign_class=danger_road;sign_family=danger] | traffic_sign [needs_review=false;relevant_to_ego=yes;sign_class=danger_slow;sign_family=danger] | traffic_sign [needs_review=false;relevant_to_ego=yes;sign_class=keep_left;sign_family=mandatory] | traffic_sign [needs_review=false;relevant_to_ego=yes;sign_class=keep_right;sign_family=mandatory] | traffic_sign [needs_review=false;relevant_to_ego=yes;sign_class=no_entry;sign_family=prohibitory] | traffic_sign [needs_review=false;relevant_to_ego=yes;sign_class=road_closed;sign_family=prohibitory],1,"Đúng: Box đường cấm ôm trọn vòng tròn viền đỏ, không gồm khung rào; dây cờ vắt qua không làm thu hẹp box."
VN14,d11,needs_review=false trên cả 7 box; ảnh không có tag no_target_sign và không có tag image_escalate,minor,decision,traffic_sign [needs_review=false;relevant_to_ego=yes;sign_class=danger_construction;sign_family=danger] | traffic_sign [needs_review=false;relevant_to_ego=yes;sign_class=danger_road;sign_family=danger] | traffic_sign [needs_review=false;relevant_to_ego=yes;sign_class=danger_slow;sign_family=danger] | traffic_sign [needs_review=false;relevant_to_ego=yes;sign_class=keep_left;sign_family=mandatory] | traffic_sign [needs_review=false;relevant_to_ego=yes;sign_class=keep_right;sign_family=mandatory] | traffic_sign [needs_review=false;relevant_to_ego=yes;sign_class=no_entry;sign_family=prohibitory] | traffic_sign [needs_review=false;relevant_to_ego=yes;sign_class=road_closed;sign_family=prohibitory],1,Đúng: Cả 7 box đều để needs_review=false; không gắn tag no_target_sign hay image_escalate.
