sample_id,decision_id,expected,severity,rationale
VN12,d1,label=traffic_sign x2 (biển tròn lớn cột phải + biển tròn đỏ nhỏ dưới gầm cầu),major,mục 2 + mục 6.1: biển nhỏ ~18 px vẫn ≥ 12 px nên phải vẽ
VN12,d2,biển tròn lớn ≈ (1162;61)-(1253;143): sign_family=prohibitory; sign_class=no_u_turn; relevant_to_ego=yes,critical,mục 4: một mũi tên chữ U bị gạch; mục 7 (a): lề phải quay về camera
VN12,d3,biển nhỏ ≈ (570;232)-(578;249) dưới gầm cầu bên trái: sign_family=prohibitory; sign_class=no_entry hoặc unknown đều đúng; relevant_to_ego không chấm,major,mục 4: tròn đỏ vạch trắng ngang; mục 6.1: biển ~18 px có thể không đọc rõ vạch; relevance của biển xa dưới gầm cầu (yes theo annotator; unknown theo mục 7) để escalate — nhóm trưởng chốt không chấm
VN12,d4,geometry: box biển cấm quay đầu ôm vành đỏ; không gồm cột sọc đỏ-trắng,minor,mục 3
VN15,d1,geometry: 1 box ôm cả tấm ZONE ≈ (931;97)-(1020;247); không chỉ biển tròn bên trong,major,mục 2: biển khu vực = 1 box cả tấm
VN15,d2,tấm ZONE: sign_family=prohibitory; sign_class=end_of_prohibition; relevant_to_ego=yes,major,mục 4: vạch chéo đen = hết khu vực cấm dừng đỗ; lề phải
VN13,d1,label=traffic_sign; sign_family=mandatory; sign_class=keep_left; relevant_to_ego=yes (biển tròn xanh mũi tên chỉ sang trái trên rào công trường),critical,mục 1 và 4: biển tạm trên rào công trường bắt buộc label; hiệu lệnh đi vòng bên trái chướng ngại vật; sai class hoặc hướng làm xe đâm vào rào chắn
VN13,d2,label=traffic_sign; sign_family=prohibitory; sign_class=no_entry; relevant_to_ego=yes (biển tròn đỏ vạch trắng cấm đi ngược chiều ở cột gantry dải phân cách bên trái),critical,mục 4 và 7: biển cấm đi ngược chiều ở đầu dải phân cách bên trái ego; sai class hoặc relevance=no làm xe đi vào làn ngược chiều
VN13,d3,label=traffic_sign x3 cho 3 biển tam giác trên rào (danger_road đường hẹp; danger_construction công trường; danger_slow đi chậm); relevant_to_ego=yes,major,mục 2 và 4: mỗi mặt biển một box riêng; nhận diện đúng 3 biển cảnh báo công trường trong scope phục vụ trực tiếp cho xe ego
VN13,d4,label=traffic_sign; sign_family=mandatory; sign_class=keep_right; relevant_to_ego=yes (biển tròn xanh mũi tên đi vòng bên phải dưới biển cấm đi ngược chiều ở cột gantry trái),major,mục 2 và 7: biển hiệu lệnh đi vòng bên phải ở đầu dải phân cách; mỗi mặt biển một box
VN13,d5,IGNORE: không có box trên bảng THÔNG TIN DỰ ÁN lớn màu xanh tím và bảng chữ nhật CÔNG TRƯỜNG ĐANG THI CÔNG trên rào,major,mục 5 và 10: bảng thông tin dự án và bảng công trường đang thi công nằm ngoài scope không vẽ box dù có icon nhỏ
VN13,d6,IGNORE: không có box trên khung giá long môn; cột thép; đèn tín hiệu giao thông; rào chắn sọc đỏ trắng,minor,mục 5: kết cấu hạ tầng; đèn giao thông và rào chắn nằm ngoài scope
VN13,d7,biển tròn đỏ xa ≈ (789;206)-(802;218) cao ~13 px trên mép rào tôn: nếu vẽ thì sign_family=prohibitory; sign_class=unknown; relevant_to_ego bất kỳ giá trị hợp lệ. Không vẽ cũng chấm đúng (sát ngưỡng 12 px). Sai chỉ khi vẽ mà family khác prohibitory. Biển sát bên ≈ (776;207)-(786;217) cao ~10 px phải KHÔNG có box,minor,mục 5 + mục 6.1: biển sát ngưỡng 12 px nên chấp nhận cả hai; nhưng đã vẽ thì phải theo hình dạng + màu (tròn viền đỏ = prohibitory; không đọc được ký hiệu = unknown); biển < 12 px luôn IGNORE
VN13,d8,geometry: box ôm sát từng mặt biển riêng lẻ (4 box riêng trên rào công trường; 2 box riêng ở cột gantry); không gồm giá rào/cột; cạnh lệch <= 10%,minor,mục 2 và 3: mỗi mặt biển vật lý một box; box ôm viền ngoài mặt biển; không trùm cột và khung giá rào
VN16,d1,label=traffic_sign: bắt buộc ≥ 3 box tại (335-357;465-482) (597-618;381-403) (736-761;470-486); biển (850-860;485-497) cao ~12 px sát ngưỡng nên vẽ hay không vẽ đều đúng (đã vẽ thì phải prohibitory theo d5),major,mục 6.1 mức B/C: hình dạng còn nhận ra dù ký hiệu không đọc được vẫn phải LABEL; mục 3 + mục 5: biển sát ngưỡng 12 px chấp nhận cả hai cách
VN16,d2,biển tròn viền đỏ tại (335-357;465-482) cột **bên trái** dưới gầm cầu (kèm tấm phụ < 12 px không cần vẽ): sign_family=prohibitory; sign_class=no_car hoặc unknown đều đúng; relevant_to_ego=unknown và needs_review=true,major,mục 0 + mục 7: x ≈ 340 trên ảnh rộng 1622 là lề trái dưới gầm cầu; không có bản lặp bên phải nên relevance unknown + needs_review; mục 6.1: hình ô tô còn nhận ra khi zoom (dataset gốc ghi no car) nhưng mờ nên chấp nhận unknown
VN16,d3,sign_family=prohibitory; sign_class=height_limit; relevant_to_ego=yes (biển tại 597-618;381-403 gắn dưới dầm cầu vượt ngay trên làn ego),critical,01_problem_statement.md mục Downstream contract (b): sai giá trị chiều cao có thể khiến xe cao đâm dầm cầu
VN16,d4,sign_family=informative; sign_class=unknown; relevant_to_ego=yes (biển tại 736-761;470-486 gắn trên cột cạnh đèn tín hiệu; còn thấy nền xanh + mũi tên/chữ mờ),major,mục 4: vuông/chữ nhật xanh có ký hiệu (không phải bảng tên địa danh); mục 6.1 mức B vì chữ/mũi tên không đọc rõ nên class=unknown
VN16,d5,sign_family=prohibitory; sign_class=unknown; relevant_to_ego=yes (biển tại 850-860;485-497 xa và mờ; viền đỏ tròn chứ không phải hình vuông xanh),major,mục 6.1 mức B: dễ nhầm sang informative nếu không zoom kỹ màu viền; mục 10.12 không để sign_family=unknown khi đã thấy rõ hình dạng+màu
VN16,d6,geometry: box biển height_limit (597-618;381-403) chỉ ôm mặt biển tròn không gồm dầm cầu vượt phía sau; cạnh lệch <= 2px vì biển cao < 30px,minor,mục 3: geometry tolerance theo kích thước biển (<=2px cho biển nhỏ)
VN14,d1,label=traffic_sign x7 (đầu dải phân cách trái: cấm ngược chiều + đi vòng phải; rào giữa đường: tam giác hẹp + tròn xanh mũi tên trái + tam giác ĐI CHẬM; rào làn phải: đường cấm + tam giác công trường),major,mục 1 + mục 5: biển tạm trên rào công trường vẫn LABEL; mục 2: mỗi mặt biển một box; common mistake 4
VN14,d2,đường cấm trên rào làn phải (≈1357–1452;368–438): sign_family=prohibitory; sign_class=road_closed; relevant_to_ego=yes,critical,mục 4: tròn trắng viền đỏ trống = road_closed; mục 7(d): rào trên chính đường ego; common mistake 6 (không phải no_entry)
VN14,d3,tròn xanh mũi tên ngang chỉ sang trái giữa rào (≈970–1021;323–375): sign_family=mandatory; sign_class=keep_left; relevant_to_ego=yes,critical,mục 0 + mục 4 + common mistake 5/11: đầu mũi tên chỉ sang trái ảnh = keep_left; mục 7(d); nhầm keep_right thì xe đi sai phía chướng ngại
VN14,d4,cấm đi ngược chiều ở đầu dải phân cách trái (≈556–587;161–191): sign_family=prohibitory; sign_class=no_entry; relevant_to_ego=yes; needs_review=false,critical,mục 7(b): biển ở đầu dải phân cách ngay bên trái chiều ego (đúng ví dụ cấm đi ngược chiều + đi vòng phải); gán no thì xe có thể vòng sang chiều ngược lại để tránh rào
VN14,d5,tròn xanh mũi tên chéo xuống phải dưới biển cấm ngược chiều (≈558–589;192–221): sign_family=mandatory; sign_class=keep_right; relevant_to_ego=yes,critical,mục 0 + mục 4 + common mistake 5/11: đầu mũi tên chỉ xuống phải ảnh = keep_right; mục 7(b): đầu dải phân cách bên trái chiều ego
VN14,d6,tam giác vàng hai vạch đứng trên rào giữa (≈929–975;319–361): sign_family=danger; sign_class=danger_road; relevant_to_ego=yes,major,mục 4: đường hẹp thuộc danger_road; mục 7(d)
VN14,d7,tam giác vàng chữ ĐI CHẬM (≈1007–1058;327–372): sign_family=danger; sign_class=danger_slow; relevant_to_ego=yes,major,mục 4: chữ ĐI CHẬM = danger_slow; mục 7(d)
VN14,d8,tam giác vàng người xúc đất trên rào làn phải (≈1463–1562;387–457): sign_family=danger; sign_class=danger_construction; relevant_to_ego=yes,major,mục 4: người xúc đất = danger_construction; mục 7(d)
VN14,d9,IGNORE: không có box trên rào sắt / dây rào đỏ-trắng / cọc tiêu đỏ; tấm tối ở lề trái xa (≈368–378;193–206 nhiều khả năng mặt sau biển) và bảng tím thấp ở lề phải xa (≈815–829;229–242): không box là đúng; nếu có box thì phải needs_review=true (mức D) mới tính đúng,minor,mục 5: rào / dây / cọc tiêu và mặt sau biển là IGNORE; mục 6.1 mức D: không chắc là biển thì vẽ box + needs_review
VN14,d10,geometry: box đường cấm ôm trọn vòng tròn gồm viền đỏ; không gồm khung rào sắt và chân rào; dây rào vắt qua mặt biển không làm thu nhỏ box; mỗi cạnh lệch ≤ 10 % chiều cao biển,minor,mục 3: box ôm mặt biển nhìn thấy gồm viền; không gồm giá rào; dây mảnh không che quá 50 % nên không phải trường hợp bị che (mục 6)
VN14,d11,needs_review=false trên cả 7 box; ảnh không có tag no_target_sign và không có tag image_escalate,minor,mục 2 + mục 7: ảnh có box; mọi biển đọc được và relevance suy ra được theo mục 7(b)(d)
